purchaseOrdinal,candidate,displayedPrice,prediction,residualObservedMinusPrediction
1,constant_1,1,1,0
2,constant_1,1,1,0
3,constant_1,1,1,0
4,constant_1,1,1,0
5,constant_1,1,1,0
6,constant_1,1,1,0
7,constant_1,1,1,0
8,constant_1,1,1,0
9,constant_1,1,1,0
10,constant_1,1,1,0
11,constant_1,1,1,0
12,constant_1,1,1,0
13,constant_1,1,1,0
14,constant_1,1,1,0
15,constant_1,1,1,0
16,constant_1,2,1,1
17,constant_1,2,1,1
18,constant_1,2,1,1
19,constant_1,2,1,1
20,constant_1,2,1,1
21,constant_1,2,1,1
22,constant_1,2,1,1
23,constant_1,2,1,1
24,constant_1,3,1,2
25,constant_1,3,1,2
26,constant_1,3,1,2
27,constant_1,3,1,2
28,constant_1,3,1,2
29,constant_1,3,1,2
30,constant_1,4,1,3
1,raw_exponential_1.05,1,1.0,0.0
2,raw_exponential_1.05,1,1.05,-0.050000000000000044
3,raw_exponential_1.05,1,1.1025,-0.10250000000000004
4,raw_exponential_1.05,1,1.1576250000000001,-0.15762500000000013
5,raw_exponential_1.05,1,1.2155062500000002,-0.21550625000000023
6,raw_exponential_1.05,1,1.2762815625000004,-0.27628156250000035
7,raw_exponential_1.05,1,1.3400956406250004,-0.3400956406250004
8,raw_exponential_1.05,1,1.4071004226562505,-0.40710042265625046
9,raw_exponential_1.05,1,1.477455443789063,-0.477455443789063
10,raw_exponential_1.05,1,1.5513282159785162,-0.5513282159785162
11,raw_exponential_1.05,1,1.628894626777442,-0.628894626777442
12,raw_exponential_1.05,1,1.7103393581163142,-0.7103393581163142
13,raw_exponential_1.05,1,1.79585632602213,-0.7958563260221301
14,raw_exponential_1.05,1,1.8856491423232367,-0.8856491423232367
15,raw_exponential_1.05,1,1.9799315994393987,-0.9799315994393987
16,raw_exponential_1.05,2,2.0789281794113688,-0.07892817941136876
17,raw_exponential_1.05,2,2.182874588381937,-0.18287458838193693
18,raw_exponential_1.05,2,2.292018317801034,-0.29201831780103404
19,raw_exponential_1.05,2,2.4066192336910857,-0.40661923369108566
20,raw_exponential_1.05,2,2.5269501953756404,-0.5269501953756404
21,raw_exponential_1.05,2,2.653297705144422,-0.6532977051444222
22,raw_exponential_1.05,2,2.7859625904016436,-0.7859625904016436
23,raw_exponential_1.05,2,2.925260719921726,-0.925260719921726
24,raw_exponential_1.05,3,3.0715237559178123,-0.07152375591781235
25,raw_exponential_1.05,3,3.225099943713703,-0.2250999437137029
26,raw_exponential_1.05,3,3.3863549408993885,-0.3863549408993885
27,raw_exponential_1.05,3,3.555672687944358,-0.5556726879443579
28,raw_exponential_1.05,3,3.733456322341576,-0.733456322341576
29,raw_exponential_1.05,3,3.920129138458655,-0.920129138458655
30,raw_exponential_1.05,4,4.116135595381588,-0.11613559538158835
1,floor_exponential_1.05,1,1,0
2,floor_exponential_1.05,1,1,0
3,floor_exponential_1.05,1,1,0
4,floor_exponential_1.05,1,1,0
5,floor_exponential_1.05,1,1,0
6,floor_exponential_1.05,1,1,0
7,floor_exponential_1.05,1,1,0
8,floor_exponential_1.05,1,1,0
9,floor_exponential_1.05,1,1,0
10,floor_exponential_1.05,1,1,0
11,floor_exponential_1.05,1,1,0
12,floor_exponential_1.05,1,1,0
13,floor_exponential_1.05,1,1,0
14,floor_exponential_1.05,1,1,0
15,floor_exponential_1.05,1,1,0
16,floor_exponential_1.05,2,2,0
17,floor_exponential_1.05,2,2,0
18,floor_exponential_1.05,2,2,0
19,floor_exponential_1.05,2,2,0
20,floor_exponential_1.05,2,2,0
21,floor_exponential_1.05,2,2,0
22,floor_exponential_1.05,2,2,0
23,floor_exponential_1.05,2,2,0
24,floor_exponential_1.05,3,3,0
25,floor_exponential_1.05,3,3,0
26,floor_exponential_1.05,3,3,0
27,floor_exponential_1.05,3,3,0
28,floor_exponential_1.05,3,3,0
29,floor_exponential_1.05,3,3,0
30,floor_exponential_1.05,4,4,0
1,round_half_up_exponential_1.05,1,1,0
2,round_half_up_exponential_1.05,1,1,0
3,round_half_up_exponential_1.05,1,1,0
4,round_half_up_exponential_1.05,1,1,0
5,round_half_up_exponential_1.05,1,1,0
6,round_half_up_exponential_1.05,1,1,0
7,round_half_up_exponential_1.05,1,1,0
8,round_half_up_exponential_1.05,1,1,0
9,round_half_up_exponential_1.05,1,1,0
10,round_half_up_exponential_1.05,1,2,-1
11,round_half_up_exponential_1.05,1,2,-1
12,round_half_up_exponential_1.05,1,2,-1
13,round_half_up_exponential_1.05,1,2,-1
14,round_half_up_exponential_1.05,1,2,-1
15,round_half_up_exponential_1.05,1,2,-1
16,round_half_up_exponential_1.05,2,2,0
17,round_half_up_exponential_1.05,2,2,0
18,round_half_up_exponential_1.05,2,2,0
19,round_half_up_exponential_1.05,2,2,0
20,round_half_up_exponential_1.05,2,3,-1
21,round_half_up_exponential_1.05,2,3,-1
22,round_half_up_exponential_1.05,2,3,-1
23,round_half_up_exponential_1.05,2,3,-1
24,round_half_up_exponential_1.05,3,3,0
25,round_half_up_exponential_1.05,3,3,0
26,round_half_up_exponential_1.05,3,3,0
27,round_half_up_exponential_1.05,3,4,-1
28,round_half_up_exponential_1.05,3,4,-1
29,round_half_up_exponential_1.05,3,4,-1
30,round_half_up_exponential_1.05,4,4,0
1,ceil_exponential_1.05,1,1,0
2,ceil_exponential_1.05,1,2,-1
3,ceil_exponential_1.05,1,2,-1
4,ceil_exponential_1.05,1,2,-1
5,ceil_exponential_1.05,1,2,-1
6,ceil_exponential_1.05,1,2,-1
7,ceil_exponential_1.05,1,2,-1
8,ceil_exponential_1.05,1,2,-1
9,ceil_exponential_1.05,1,2,-1
10,ceil_exponential_1.05,1,2,-1
11,ceil_exponential_1.05,1,2,-1
12,ceil_exponential_1.05,1,2,-1
13,ceil_exponential_1.05,1,2,-1
14,ceil_exponential_1.05,1,2,-1
15,ceil_exponential_1.05,1,2,-1
16,ceil_exponential_1.05,2,3,-1
17,ceil_exponential_1.05,2,3,-1
18,ceil_exponential_1.05,2,3,-1
19,ceil_exponential_1.05,2,3,-1
20,ceil_exponential_1.05,2,3,-1
21,ceil_exponential_1.05,2,3,-1
22,ceil_exponential_1.05,2,3,-1
23,ceil_exponential_1.05,2,3,-1
24,ceil_exponential_1.05,3,4,-1
25,ceil_exponential_1.05,3,4,-1
26,ceil_exponential_1.05,3,4,-1
27,ceil_exponential_1.05,3,4,-1
28,ceil_exponential_1.05,3,4,-1
29,ceil_exponential_1.05,3,4,-1
30,ceil_exponential_1.05,4,5,-1
1,observed_piecewise_overfit,1,1,0
2,observed_piecewise_overfit,1,1,0
3,observed_piecewise_overfit,1,1,0
4,observed_piecewise_overfit,1,1,0
5,observed_piecewise_overfit,1,1,0
6,observed_piecewise_overfit,1,1,0
7,observed_piecewise_overfit,1,1,0
8,observed_piecewise_overfit,1,1,0
9,observed_piecewise_overfit,1,1,0
10,observed_piecewise_overfit,1,1,0
11,observed_piecewise_overfit,1,1,0
12,observed_piecewise_overfit,1,1,0
13,observed_piecewise_overfit,1,1,0
14,observed_piecewise_overfit,1,1,0
15,observed_piecewise_overfit,1,1,0
16,observed_piecewise_overfit,2,2,0
17,observed_piecewise_overfit,2,2,0
18,observed_piecewise_overfit,2,2,0
19,observed_piecewise_overfit,2,2,0
20,observed_piecewise_overfit,2,2,0
21,observed_piecewise_overfit,2,2,0
22,observed_piecewise_overfit,2,2,0
23,observed_piecewise_overfit,2,2,0
24,observed_piecewise_overfit,3,3,0
25,observed_piecewise_overfit,3,3,0
26,observed_piecewise_overfit,3,3,0
27,observed_piecewise_overfit,3,3,0
28,observed_piecewise_overfit,3,3,0
29,observed_piecewise_overfit,3,3,0
30,observed_piecewise_overfit,4,4,0
