eventId,trigger,visualTarget,animation,durationMsProposed,easing,vfxId,sfxId,hapticId,interruptPolicy,pool,reducedMotion,lowQuality,status
app.logo,app.loading,logo,fade+scale0.92→1,560,cubicOut,softGlow,none,none,cancelAndReconcile,false,instant final state / opacity only; no shake,halve particles; one flyer; no camera shake,PROPOSED
start.idle,start.ready,startButton,scale1→1.025→1 loop,1800,sineInOut,none,none,none,cancelAndReconcile,false,instant final state / opacity only; no shake,halve particles; one flyer; no camera shake,PROPOSED
start.press,button.primary,startButton,scale1→.96→1,200,quadOut,none,ui.primary,light,cancelAndReconcile,false,instant final state / opacity only; no shake,halve particles; one flyer; no camera shake,PROPOSED
screen.transition,route.changed,screen,fade+translate12px,280,cubicOut,none,none,none,cancelAndReconcile,false,instant final state / opacity only; no shake,halve particles; one flyer; no camera shake,PROPOSED
hud.enter,battle.ready,hud,stagger fade/slide8px,280,cubicOut,none,none,none,cancelAndReconcile,false,instant final state / opacity only; no shake,halve particles; one flyer; no camera shake,PROPOSED
hero.spawn,hero.spawned,hero,scale0→1.08→1 from foot,280,backOut,spawnPuff,hero.spawn,light,cancelAndReconcile,true,instant final state / opacity only; no shake,halve particles; one flyer; no camera shake,PROPOSED
hero.idle,hero.visible,hero,scaleY1→1.02; offset0→-2,1600,sineInOut,none,none,none,cancelAndReconcile,false,instant final state / opacity only; no shake,halve particles; one flyer; no camera shake,PROPOSED
hero.attack,battle.attackStarted,hero,anticipation80 release60 recover140,280,quadOut,weaponArc,combat.melee,none,cancelAndReconcile,false,instant final state / opacity only; no shake,halve particles; one flyer; no camera shake,PROPOSED
hero.hit,hero.damaged,hero,flash40 knockback4px recover100,140,quadOut,hitFlash,combat.hit,none,cancelAndReconcile,false,instant final state / opacity only; no shake,halve particles; one flyer; no camera shake,PROPOSED
hero.upgrade,upgrade.committed,heroCard,scale1→1.06→1,560,backOut,upgradeRing,equipment.upgrade,medium,cancelAndReconcile,true,instant final state / opacity only; no shake,halve particles; one flyer; no camera shake,PROPOSED
hero.mergeOut,hero.merged,sourceHero,converge180 then shrink90,270,quadIn,mergeTrail,merge.low,none,cancelAndReconcile,true,instant final state / opacity only; no shake,halve particles; one flyer; no camera shake,PROPOSED
hero.mergeIn,hero.merged,resultHero,reveal pop120 settle260,380,backOut,mergeBloom,merge.mid,medium,cancelAndReconcile,true,instant final state / opacity only; no shake,halve particles; one flyer; no camera shake,PROPOSED
enemy.spawn,enemy.spawned,enemy,fade+scale.9→1,280,cubicOut,spawnPuff,none,none,cancelAndReconcile,true,instant final state / opacity only; no shake,halve particles; one flyer; no camera shake,PROPOSED
enemy.idle,enemy.visible,enemy,offset0→-2 and tilt±1deg,1800,sineInOut,none,none,none,cancelAndReconcile,false,instant final state / opacity only; no shake,halve particles; one flyer; no camera shake,PROPOSED
enemy.attack,enemy.attackStarted,enemy,anticipate100 lunge60 recover180,340,quadOut,weaponArc,combat.melee,none,cancelAndReconcile,false,instant final state / opacity only; no shake,halve particles; one flyer; no camera shake,PROPOSED
enemy.hit,battle.hit,enemy,flash40 recoil6px settle100,140,quadOut,hitFlash,combat.hit,none,cancelAndReconcile,true,instant final state / opacity only; no shake,halve particles; one flyer; no camera shake,PROPOSED
enemy.death,enemy.died,enemy,squash80 fade/scale200,280,quadIn,deathPuff,enemy.deathSmall,none,cancelAndReconcile,true,instant final state / opacity only; no shake,halve particles; one flyer; no camera shake,PROPOSED
boss.intro,boss.spawned,boss+banner,scale.88→1 and banner slide,900,cubicOut,bossAura,boss.intro,heavy,cancelAndReconcile,true,instant final state / opacity only; no shake,halve particles; one flyer; no camera shake,PROPOSED
boss.hit,boss.damaged,boss,flash50 recoil3px,140,quadOut,hitFlash,combat.hit,none,cancelAndReconcile,true,instant final state / opacity only; no shake,halve particles; one flyer; no camera shake,PROPOSED
boss.death,boss.defeated,boss,impact120 dissolve780,900,cubicOut,bossBurst,boss.death,heavy,cancelAndReconcile,true,instant final state / opacity only; no shake,halve particles; one flyer; no camera shake,PROPOSED
projectile.launch,projectile.released,projectile,muzzle flash and position bind,80,linear,muzzle,combat.ranged,none,cancelAndReconcile,true,instant final state / opacity only; no shake,halve particles; one flyer; no camera shake,PROPOSED
projectile.travel,projectile.inFlight,projectile,interpolate visual endpoints,280,linear,trail,none,none,cancelAndReconcile,true,instant final state / opacity only; no shake,halve particles; one flyer; no camera shake,PROPOSED
projectile.impact,projectile.impacted,impact,scale.6→1.2 fade,140,quadOut,impactSpark,combat.hit,none,cancelAndReconcile,true,instant final state / opacity only; no shake,halve particles; one flyer; no camera shake,PROPOSED
damage.normal,battle.hit,damageLabel,rise24px spread±8 fade,650,quadOut,none,none,none,cancelAndReconcile,true,instant final state / opacity only; no shake,halve particles; one flyer; no camera shake,PROPOSED
damage.crit,battle.critical,damageLabel,pop1.25 rise32px fade,800,backOut,critStar,combat.crit,light,cancelAndReconcile,true,instant final state / opacity only; no shake,halve particles; one flyer; no camera shake,PROPOSED
reward.coin,currency.gold.gained,coinFlyer,arc source→HUD,560,quadIn,coinSpark,economy.goldGain,none,cancelAndReconcile,true,instant final state / opacity only; no shake,halve particles; one flyer; no camera shake,PROPOSED
reward.gem,currency.gem.gained,gemFlyer,arc source→HUD,650,quadIn,gemSpark,economy.gemGain,none,cancelAndReconcile,true,instant final state / opacity only; no shake,halve particles; one flyer; no camera shake,PROPOSED
currency.bump,currency.changed,currencyCounter,count interpolation then scale1.08,280,quadOut,none,none,none,cancelAndReconcile,false,instant final state / opacity only; no shake,halve particles; one flyer; no camera shake,PROPOSED
purchase.success,hero.purchased,buyButton,press then confirm glow,280,quadOut,buttonGlow,economy.goldSpend,light,cancelAndReconcile,false,instant final state / opacity only; no shake,halve particles; one flyer; no camera shake,PROPOSED
purchase.failure,purchase.rejected,buyButton,horizontal shake±4px,180,quadOut,none,ui.error,none,cancelAndReconcile,false,instant final state / opacity only; no shake,halve particles; one flyer; no camera shake,PROPOSED
slot.unlock,board.slotUnlocked,slot,lock fade and ring expand,560,cubicOut,unlockRing,progress.unlock,medium,cancelAndReconcile,true,instant final state / opacity only; no shake,halve particles; one flyer; no camera shake,PROPOSED
merge.cascade,merge.chainStep,board,serial result pulse; cap intensity4,650,backOut,mergeBloom,merge.cascade,medium,cancelAndReconcile,true,instant final state / opacity only; no shake,halve particles; one flyer; no camera shake,PROPOSED
stage.progress,stage.changed,stageHUD,label crossfade and bar reset,280,cubicOut,none,none,none,cancelAndReconcile,false,instant final state / opacity only; no shake,halve particles; one flyer; no camera shake,PROPOSED
boss.warning,boss.approaching,stageHUD,warm glow two pulses,900,sineInOut,warningGlow,none,none,cancelAndReconcile,false,instant final state / opacity only; no shake,halve particles; one flyer; no camera shake,PROPOSED
stage.clear,stage.cleared,banner,slide/fade hold then exit,900,cubicOut,smallConfetti,progress.stageClear,light,cancelAndReconcile,true,instant final state / opacity only; no shake,halve particles; one flyer; no camera shake,PROPOSED
feature.unlock,unlock.changed,featureCard,pop and lock dissolve,560,backOut,unlockRing,progress.unlock,medium,cancelAndReconcile,true,instant final state / opacity only; no shake,halve particles; one flyer; no camera shake,PROPOSED
popup.open,popup.opened,popup,dimmer fade and scale.94→1,280,cubicOut,none,ui.popupOpen,none,cancelAndReconcile,false,instant final state / opacity only; no shake,halve particles; one flyer; no camera shake,PROPOSED
popup.close,popup.closed,popup,fade scale1→.97,180,quadIn,none,ui.popupClose,none,cancelAndReconcile,false,instant final state / opacity only; no shake,halve particles; one flyer; no camera shake,PROPOSED
tab.switch,tab.selected,navButton,selected scale1.04 and panel fade,200,quadOut,none,ui.tab,light,cancelAndReconcile,false,instant final state / opacity only; no shake,halve particles; one flyer; no camera shake,PROPOSED
redDot.appear,claimability.changed,redDot,scale0→1.1→1,280,backOut,none,none,none,cancelAndReconcile,false,instant final state / opacity only; no shake,halve particles; one flyer; no camera shake,PROPOSED
daily.claim,daily.claimed,rewardPanel,chest glow then flyers,900,cubicOut,rewardBurst,reward.daily,medium,cancelAndReconcile,true,instant final state / opacity only; no shake,halve particles; one flyer; no camera shake,PROPOSED
wheel.accelerate,wheel.reserved,wheel,angular speed0→peak,900,quadIn,none,none,none,cancelAndReconcile,false,instant final state / opacity only; no shake,halve particles; one flyer; no camera shake,PROPOSED
wheel.tick,wheel.segmentPassed,pointer,deflect6deg and settle,80,quadOut,none,wheel.tick,none,cancelAndReconcile,false,instant final state / opacity only; no shake,halve particles; one flyer; no camera shake,PROPOSED
wheel.decelerate,wheel.braking,wheel,monotonic ease to saved angle,2800,quintOut,none,none,none,cancelAndReconcile,false,instant final state / opacity only; no shake,halve particles; one flyer; no camera shake,PROPOSED
wheel.land,wheel.landed,segment,winner pulse and reward reveal,560,backOut,rewardBurst,wheel.result,medium,cancelAndReconcile,true,instant final state / opacity only; no shake,halve particles; one flyer; no camera shake,PROPOSED
chest.open,chest.opened,chest,whole-sprite wobble and glow reveal,650,backOut,rewardBurst,reward.chest,medium,cancelAndReconcile,true,instant final state / opacity only; no shake,halve particles; one flyer; no camera shake,PROPOSED
equipment.equip,equipment.changed,itemSlot,icon settle and slot glow,280,backOut,slotGlow,equipment.equip,light,cancelAndReconcile,false,instant final state / opacity only; no shake,halve particles; one flyer; no camera shake,PROPOSED
equipment.enhance,upgrade.committed,itemCard,pulse stat change and sparkle,560,cubicOut,upgradeRing,equipment.upgrade,medium,cancelAndReconcile,true,instant final state / opacity only; no shake,halve particles; one flyer; no camera shake,PROPOSED
currency.insufficient,command.insufficientFunds,price,shake4px and warm tint,180,quadOut,none,ui.error,none,cancelAndReconcile,false,instant final state / opacity only; no shake,halve particles; one flyer; no camera shake,PROPOSED
feature.locked,command.locked,lock,wiggle±5deg,180,quadOut,none,ui.error,none,cancelAndReconcile,false,instant final state / opacity only; no shake,halve particles; one flyer; no camera shake,PROPOSED
offline.popup,offline.pending,rewardPopup,popup enter and subtle chest glow,560,cubicOut,softGlow,ui.popupOpen,none,cancelAndReconcile,false,instant final state / opacity only; no shake,halve particles; one flyer; no camera shake,PROPOSED
button.secondary,button.secondary,button,scale1→.97→1,200,quadOut,none,ui.soft,none,cancelAndReconcile,false,instant final state / opacity only; no shake,halve particles; one flyer; no camera shake,PROPOSED
settings.slider,settings.previewChanged,slider,direct thumb tracking; no tween lag,0,linear,none,none,none,cancelAndReconcile,false,instant final state / opacity only; no shake,halve particles; one flyer; no camera shake,PROPOSED
settings.toggle,settings.changed,toggle,thumb slide and color crossfade,140,quadOut,none,ui.soft,none,cancelAndReconcile,false,instant final state / opacity only; no shake,halve particles; one flyer; no camera shake,PROPOSED
loading.progress,loading.changed,progressBar,monotonic width interpolation,140,linear,none,none,none,cancelAndReconcile,false,instant final state / opacity only; no shake,halve particles; one flyer; no camera shake,PROPOSED
maintenance.idle,maintenance.visible,panel,static; readability priority,0,linear,none,none,none,cancelAndReconcile,false,instant final state / opacity only; no shake,halve particles; one flyer; no camera shake,PROPOSED
hero.deploy,hero.deployed,hero,arc board→battle anchor,280,quadOut,spawnPuff,hero.spawn,light,cancelAndReconcile,false,instant final state / opacity only; no shake,halve particles; one flyer; no camera shake,PROPOSED
hero.withdraw,hero.withdrawn,hero,fade battle; board pulse,200,quadOut,none,ui.soft,none,cancelAndReconcile,false,instant final state / opacity only; no shake,halve particles; one flyer; no camera shake,PROPOSED
tutorial.hand,tutorial.stepShown,hand,drag path loop; target remains fixed,1200,sineInOut,none,none,none,cancelAndReconcile,false,instant final state / opacity only; no shake,halve particles; one flyer; no camera shake,PROPOSED
quest.claim,quest.claimed,questCard,checkmark pop and reward flyers,560,backOut,rewardBurst,progress.stageClear,light,cancelAndReconcile,true,instant final state / opacity only; no shake,halve particles; one flyer; no camera shake,PROPOSED
battle.camera,battle.majorImpact,worldLayer,offset max3px≤120ms,120,quadOut,none,none,none,cancelAndReconcile,false,instant final state / opacity only; no shake,halve particles; one flyer; no camera shake,PROPOSED
hero.death,hero.died,hero,mode-gated fade/squash;domain already committed,280,quadOut,none,none,none,cancelAndReconcile,false,instant final state / opacity only,no extra particles,PROPOSED_MODE_GATED
hero.recover,hero.recovered,hero,mode-gated grounded spawn/recover,280,quadOut,none,hero.spawn,none,cancelAndReconcile,false,instant final state / opacity only,no extra particles,PROPOSED_MODE_GATED
quest.progress,quest.progressed,questCounter,brief counter pulse without reward,140,quadOut,none,none,none,cancelAndReconcile,false,instant final state / opacity only,no extra particles,PROPOSED
